{
    "zprime1": {
        "expected": [
            1.0, 
            1.0, 
            1.0, 
            1.0, 
            1.0,
            1.0,
            1.0,
            1.0,
            1.0,
            1.0,
            1.0        
        ], 
        "mass": [
            1.0, 
            1.2, 
            1.4, 
            1.6, 
            1.8,
            2.0,
            2.5,
            3.0,
            3.5,
            4.0,
            4.5
        ], 
        "theory": [
            4.5054,
            1.738,
            0.9136,
            0.4943,
            0.2826,
            0.20551,
            0.0617038,
            0.0205665,
            0.00734662,
            0.0027587,
            0.00109115
        ]
    },
    "zprime1_theory": {
        "expected": [
            1.0, 
            1.0, 
            1.0, 
            1.0, 
            1.0,
            1.0,
            1.0,
            1.0,
            1.0,
            1.0        
        ], 
        "mass": [
            1.0, 
            1.25, 
            1.5, 
            1.75, 
            2.0,
            2.5,
            3.0,
            3.5,
            4.0,
            4.5
        ], 
        "theory": [
            4.5054,
            1.80866,
            0.813716,
            0.39742,
            0.20551,
            0.0617038,
            0.0205665,
            0.00734662,
            0.0027587,
            0.00109115
        ]
    },
    "zprime1_high": {
        "expected": [
            1.0,
            1.0,
            1.0,
            1.0,
            1.0,
            1.0        
        ], 
        "mass": [
            2.0,
            2.5,
            3.0,
            3.5,
            4.0,
            4.5
        ], 
        "theory": [
            0.20551,
            0.0617038,
            0.0205665,
            0.00734662,
            0.0027587,
            0.00109115
        ]
    },
        "zprime1_low": {
        "expected": [
            1.0, 
            1.0, 
            1.0, 
            1.0, 
            1.0,
            1.0,
            1.0,
            1.0        
        ], 
        "mass": [
            1.0, 
            1.2, 
            1.4, 
            1.6, 
            1.8,
            2.0,
            2.5,
            3.0
        ], 
        "theory": [
            4.5054,
            1.738,
            0.9136,
            0.4943,
            0.2826,
            0.20551,
            0.0617038,
            0.0205665
        ]
    }, 
    "zprime10": {
        "expected": [
            1.0,
            1.0,
            1.0,
            1.0,
            1.0,
            1.0,
            1.0,
            1.0,
            1.0,
            1.0
        ], 
        "mass": [
            1.0,
            2.0,
            2.5,
            3.0,
            3.5,
            4.0,
            4.5,
            5.0,
            6.0,
            7.0
        ], 
        "theory": [
            44.8526,
            2.26215,
            0.734314,
            0.272788,
            0.112874,
            0.0515542,
            0.0259114,
            0.0142839,
            0.00550276,
            0.00265864
        ]
    },
    "rsgluon": {
        "expected": [
            1.0,
            1.0,
            1.0,
            1.0,
            1.0, 
            1.0, 
            1.0, 
            1.0,
            1.0,
            1.0,
            1.0
        ], 
        "mass": [
            1, 
            1.5, 
            2, 
            2.5, 
            3, 
            3.5, 
            4, 
            4.5, 
            5,
            5.5,
            6
        ], 
        "theory": [
            26.065, 
            4.5747, 
            1.23864, 
            0.40768, 
            0.16757, 
            0.07085, 
            0.036491, 
            0.020839, 
            0.0118235,
            0.0072163,
            0.0049608
        ]
    },
    "zprimeDM": {
        "expected": [
            1.0,
            1.0,
            1.0,
            1.0,
            1.0, 
            1.0, 
            1.0, 
            1.0,
            1.0
        ], 
        "mass": [
            1.0, 
            1.5, 
            2.0, 
            2.5, 
            3.0, 
            3.5, 
            4.0, 
            4.5, 
            5.0
        ], 
        "theory": [
            2.222, 
            0.387, 
            0.09428, 
            0.0279, 
            0.009327, 
            0.003507, 
            0.001484, 
            0.0007087, 
            0.0003801
        ]
    },
    "zprimeDM_high": {
        "expected": [
            1.0, 
            1.0, 
            1.0, 
            1.0,
            1.0,
            1.0
        ], 
        "mass": [
            2.5,
            3.0, 
            3.5, 
            4.0, 
            4.5, 
            5.0
        ], 
        "theory": [
            0.0279,
            0.009327, 
            0.003507, 
            0.001484, 
            0.0007087, 
            0.0003801
        ]
    },
    "zprime1_old": {
        "expected": [
            1.0, 
            1.0, 
            1.0, 
            1.0, 
            1.0
        ], 
        "mass": [
            1.0, 
            2.0,
            3.0, 
            4.0, 
            4.5
        ], 
        "theory": [
            4.50540,
            0.20551, 
            0.0205665, 
            0.0027587, 
            0.00109115
        ]
    },
     "zprime30": {
        "expected": [
            1.0, 
            1.0,
            1.0,
            1.0,
            1.0,
            1.0,
            1.0, 
            1.0, 
            1.0, 
            1.0
        ], 
        "mass": [
            1.0,
            2.0,
            2.5, 
            3.0, 
            3.5, 
            4.0, 
            4.5,
            5.0,
            6.0,
            7.0
        ], 
        "theory": [
            129.361,
            7.74166,
            2.7943,
            1.17252,
            0.553916,
            0.288839,
            0.163747,
            0.0995997,
            0.043425,
            0.0221476
        ]
    }
}
