{"QCD_cen16Fail_SIG_bin_3-10": {"val": 0.33641827514821193, "error": 0.7748757326889756}, "QCD_cen16Fail_SIG_bin_3-11": {"val": 1.0177635683939847e-06, "error": 0.34736754056484365}, "QCD_cen16Fail_SIG_bin_3-12": {"val": 1.0067723604502066e-06, "error": 0.24194711609169203}, "ttag_pt1_16": {"val": 0.999999999997913, "error": 1.6102526762401101}, "q2": {"val": 0.9106200229485437, "error": 0.8320459666255485}, "lumi16": {"val": -0.008592415358964425, "error": 0.9999001928531137}, "QCD_cen16Fail_SIG_bin_1-12": {"val": 1.0067723604502066e-06, "error": 0.24194711609169203}, "QCD_cen16Fail_SIG_bin_1-10": {"val": 0.7260402538281324, "error": 0.7686753069050618}, "QCD_cen16Fail_SIG_bin_1-11": {"val": 1.362780602497058, "error": 1.0089492340204966}, "QCD_cen16Fail_SIG_bin_1-4": {"val": 22.133016339076484, "error": 5.70948476474304}, "QCD_cen16Fail_SIG_bin_1-5": {"val": 8.858311840234052, "error": 3.505672336808587}, "QCD_cen16Fail_SIG_bin_1-6": {"val": 1.0887880836573602, "error": 1.509043086349183}, "QCD_cen16Fail_SIG_bin_1-7": {"val": 1.9441510321828994, "error": 1.584554013721121}, "QCD_cen16Fail_LOW_bin_2-10": {"val": 1.024702462297885e-06, "error": 0.381932763831756}, "QCD_cen16Fail_SIG_bin_1-1": {"val": 3.619168302955906, "error": 2.532243137951217}, "QCD_cen16Fail_LOW_bin_2-12": {"val": 0.4772890630161348, "error": 0.508284086736024}, "QCD_cen16Fail_SIG_bin_1-3": {"val": 39.622694162615694, "error": 8.30376316661998}, "QCD_cen16Fail_SIG_bin_1-8": {"val": 0.656442217660629, "error": 0.8374490565168875}, "QCD_cen16Fail_SIG_bin_1-9": {"val": 1.0015543122344737e-06, "error": 0.40203908621654116}, "QCD_cen16Fail_SIG_bin_2-12": {"val": 1.0067723604502066e-06, "error": 0.24194711609169203}, "QCD_cen16Fail_SIG_bin_2-11": {"val": 1.0177635683939847e-06, "error": 0.34736754056484365}, "QCD_cen16Fail_SIG_bin_2-10": {"val": 1.0247579734491162e-06, "error": 0.38208607547291584}, "jer16": {"val": -0.07946808471573971, "error": 1.0285439173888833}, "QCD_cen16Fail_HIGH_bin_2-5": {"val": 7.283852288112863, "error": 2.8283304149528425}, "QCD_cen16Fail_HIGH_bin_2-4": {"val": 10.71109707996318, "error": 3.778137936140787}, "QCD_cen16Fail_HIGH_bin_2-7": {"val": 1.5571760324723214, "error": 1.214945669457574}, "QCD_cen16Fail_HIGH_bin_2-6": {"val": 2.5827079713409686, "error": 1.689567800581802}, "QCD_cen16Fail_HIGH_bin_2-1": {"val": 0.7135292231167187, "error": 0.7417110874089826}, "QCD_cen16Fail_HIGH_bin_2-3": {"val": 28.47727046456003, "error": 5.784745911946207}, "QCD_cen16Fail_HIGH_bin_2-2": {"val": 0.5929747643122945, "error": 1.834427975409389}, "prefiring": {"val": -0.0694619842326051, "error": 0.9994910713862212}, "QCD_cen16Fail_HIGH_bin_2-9": {"val": 0.7798457391730275, "error": 0.8063870821353998}, "QCD_cen16Fail_HIGH_bin_2-8": {"val": 2.259681926595081, "error": 1.4468023618859869}, "QCD_cen16Fail_LOW_bin_3-12": {"val": 1.0067723604502066e-06, "error": 0.2419459182443152}, "QCD_cen16Fail_LOW_bin_3-11": {"val": 1.3089397727025736, "error": 1.003056007308319}, "QCD_cen16Fail_LOW_bin_3-10": {"val": 1.4736511760522464, "error": 1.093569499176511}, "ttag_pt2_16": {"val": 0.9999999999964801, "error": 1.8135063485310716}, "ttag_pt3_16": {"val": -0.9999999945955633, "error": 1.7878713321859485}, "QCD_cen16Fail_HIGH_bin_1-8": {"val": 1.6206084994735033, "error": 1.1857839349859534}, "QCD_cen16Fail_HIGH_bin_1-9": {"val": 1.0015543122344737e-06, "error": 0.4020395446831392}, "QCD_cen16Fail_HIGH_bin_1-6": {"val": 4.901874757951575, "error": 2.2740438320988954}, "QCD_cen16Fail_HIGH_bin_1-7": {"val": 2.2581551990173883, "error": 1.4892658558015124}, "QCD_cen16Fail_HIGH_bin_1-4": {"val": 28.740042534718445, "error": 5.8879761870241865}, "QCD_cen16Fail_HIGH_bin_1-5": {"val": 12.36834251079209, "error": 3.729888064459443}, "QCD_cen16Fail_HIGH_bin_1-2": {"val": 15.990864924270733, "error": 5.232461063564884}, "QCD_cen16Fail_HIGH_bin_1-3": {"val": 49.86716158630889, "error": 8.280000477636818}, "QCD_cen16Fail_HIGH_bin_1-1": {"val": 1.8837648709449135, "error": 1.4906366554142205}, "QCD_cen16Fail_LOW_bin_3-7": {"val": 3.4891224674668906, "error": 2.068990100410214}, "QCD_cen16Fail_LOW_bin_3-6": {"val": 8.82848324547322, "error": 3.2011145182332577}, "QCD_cen16Fail_LOW_bin_3-5": {"val": 10.72383799384265, "error": 3.9436670653219514}, "QCD_cen16Fail_LOW_bin_3-4": {"val": 32.893494001917986, "error": 6.808593343892015}, "QCD_cen16Fail_LOW_bin_3-3": {"val": 62.35462077837512, "error": 9.87461346129271}, "QCD_cen16Fail_LOW_bin_3-2": {"val": 38.113301164305994, "error": 7.729834059075943}, "QCD_cen16Fail_LOW_bin_3-1": {"val": 8.245613418625394, "error": 3.1216048847728524}, "QCD_cen16Fail_LOW_bin_1-11": {"val": 1.3608156928731625, "error": 1.0089661105762053}, "QCD_cen16Fail_LOW_bin_1-10": {"val": 3.8044843654511094, "error": 1.7587483194507931}, "QCD_cen16Fail_LOW_bin_1-12": {"val": 1.0067723604502066e-06, "error": 0.2419459182443152}, "QCD_cen16Fail_LOW_bin_3-9": {"val": 0.6052812758998497, "error": 0.8064793264864463}, "QCD_cen16Fail_LOW_bin_3-8": {"val": 0.7418108000859039, "error": 1.090436214239452}, "QCD_cen16Fail_SIG_bin_2-9": {"val": 0.321779710065901, "error": 0.8179539942579508}, "QCD_cen16Fail_SIG_bin_2-8": {"val": 1.1116436985580116, "error": 1.148338782340736}, "QCD_cen16Fail_SIG_bin_2-7": {"val": 2.1749484984323235, "error": 1.4904415812629441}, "QCD_cen16Fail_SIG_bin_2-6": {"val": 6.924535381248889e-05, "error": 8.56374218548815}, "QCD_cen16Fail_SIG_bin_2-5": {"val": 11.666940951626144, "error": 3.871265283391115}, "QCD_cen16Fail_SIG_bin_2-4": {"val": 13.754719881084494, "error": 5.208549819913154}, "QCD_cen16Fail_SIG_bin_2-3": {"val": 34.86455168226601, "error": 8.571804210369159}, "QCD_cen16Fail_SIG_bin_2-2": {"val": 34.42694096310474, "error": 7.478064230257722}, "QCD_cen16Fail_SIG_bin_2-1": {"val": 11.698461814490399, "error": 3.6931832137728478}, "lumi_corr": {"val": -0.005101529869387088, "error": 0.9999632758831553}, "QCD_cen16Fail_LOW_bin_1-3": {"val": 75.76586365715308, "error": 8.28922751690834}, "QCD_cen16Fail_LOW_bin_1-9": {"val": 1.606733917656731, "error": 1.1439423712722103}, "QCD_cen16Fail_HIGH_bin_3-10": {"val": 0.7000249997660635, "error": 0.7686016333655706}, "QCD_cen16Fail_HIGH_bin_3-11": {"val": 1.0177635683939847e-06, "error": 0.34736950871271055}, "QCD_cen16Fail_LOW_bin_1-8": {"val": 4.034265167003661, "error": 1.8769840717506419}, "QCD_cen16Fail_HIGH_bin_2-11": {"val": 1.0177635683939847e-06, "error": 0.34736950871271055}, "QCD_cen16Fail_HIGH_bin_2-10": {"val": 1.024702462297885e-06, "error": 0.38193571244533153}, "QCD_cen16Fail_HIGH_bin_2-12": {"val": 1.0067723604502066e-06, "error": 0.24194739575687194}, "jes16": {"val": 0.7135470346755601, "error": 0.7391607354059886}, "QCD_cen16Fail_HIGH_bin_3-8": {"val": 1.4519491247850986, "error": 1.186105209548462}, "QCD_cen16Fail_HIGH_bin_3-9": {"val": 1.0015543122344737e-06, "error": 0.4020395446831392}, "pileup": {"val": -0.205995485625224, "error": 0.9596871602533097}, "QCD_cen16Fail_LOW_bin_1-1": {"val": 6.087087820255069, "error": 2.243714947944818}, "QCD_cen16Fail_HIGH_bin_3-1": {"val": 1.0779931674798393e-06, "error": 0.3702903691723175}, "QCD_cen16Fail_HIGH_bin_3-2": {"val": 5.815482758203191, "error": 2.354665106338725}, "QCD_cen16Fail_HIGH_bin_3-3": {"val": 13.611129598420552, "error": 3.940154105176953}, "QCD_cen16Fail_HIGH_bin_3-4": {"val": 18.63623568737831, "error": 4.626271473901859}, "QCD_cen16Fail_HIGH_bin_3-5": {"val": 9.02863789660401, "error": 3.3674301057850706}, "QCD_cen16Fail_HIGH_bin_3-6": {"val": 13.81491769576191, "error": 3.672410983253874}, "QCD_cen16Fail_HIGH_bin_3-7": {"val": 8.473997594029884, "error": 2.8521529534502386}, "QCD_cen16Fail_LOW_bin_1-2": {"val": 45.3558533011534, "error": 6.322562333371035}, "QCD_cen16Fail_HIGH_bin_1-10": {"val": 0.7267780790734767, "error": 0.7686126718967707}, "QCD_cen16Fail_HIGH_bin_1-11": {"val": 1.0177635683939847e-06, "error": 0.34736950871271055}, "QCD_cen16Fail_HIGH_bin_1-12": {"val": 1.0067723604502066e-06,